engine,group,id,mass_before_kg,mass_after_kg,actual_length_before_m,actual_length_after_m,center_from_grip_after_m,moment_of_inertia_after_kg_m2,grip_to_tip_after_m,review_scope
rust,preset,halberd-1540,9.609455108642578,3.3705737590789795,2.2300000563263893,2.186000066809356,0.6435047388076782,2.4228274822235107,1.2699999809265137,Named/default recipe; see historical assessment for provenance
rust,preset,lucerne-hammer,7.807278633117676,3.2280263900756836,2.1399999037384987,2.0960001526400447,0.6159720420837402,2.1291933059692383,1.220000147819519,Named/default recipe; see historical assessment for provenance
rust,preset,pollaxe,8.748392105102539,3.362035036087036,1.8229999914765358,1.7760001001879573,0.5557674169540405,1.6292976140975952,1.03000009059906,Named/default recipe; see historical assessment for provenance
rust,preset,kriegsspiess,4.180713653564453,3.5328731536865234,3.674999989569187,4.990999179892242,0.4672996997833252,9.454647064208984,2.6349992752075195,Named/default recipe; see historical assessment for provenance
rust,preset,short-spear,4.907624244689941,2.0639946460723877,2.1100001707673073,2.071000057272613,0.4494067430496216,1.2112746238708496,1.2050000429153442,Named/default recipe; see historical assessment for provenance
rust,preset,partisan,7.951870441436768,2.989882230758667,2.2800000086426735,2.2360000191256404,0.6310687065124512,2.305185079574585,1.340000033378601,Named/default recipe; see historical assessment for provenance
rust,preset,glaive,7.823816776275635,2.962935209274292,2.3480000868439674,2.2960002003237605,0.6277022361755371,2.2379279136657715,1.4300001859664917,Named/default recipe; see historical assessment for provenance
rust,preset,hooked-bill,6.499042510986328,3.1873347759246826,2.297999896109104,2.250999885611236,0.6839426159858704,2.662684679031372,1.3299999237060547,Named/default recipe; see historical assessment for provenance
rust,preset,military-fork,7.5028300285339355,2.8250303268432617,2.3400001898407936,2.2909998474642634,0.6025004982948303,2.1889729499816895,1.3549997806549072,Named/default recipe; see historical assessment for provenance
rust,preset,landsknecht-longsword,2.2064216136932373,1.1611735820770264,1.3749999329447746,1.2249999567866325,0.15304403007030487,0.11996466666460037,1.059999942779541,Named/default recipe; see historical assessment for provenance
rust,preset,zweihander,3.765427589416504,2.6616034507751465,1.759999930858612,1.759999930858612,0.29376089572906494,0.7107492685317993,1.4874999523162842,Named/default recipe; see historical assessment for provenance
rust,preset,katzbalger,1.3584988117218018,1.1325976848602295,0.8700000494718552,0.8130000047385693,0.15667657554149628,0.07065965235233307,0.7319999933242798,Named/default recipe; see historical assessment for provenance
rust,preset,grosse-messer,2.410270929336548,1.1656419038772583,1.0929999463260174,1.0929999463260174,0.13031187653541565,0.09083439409732819,0.9474999308586121,Named/default recipe; see historical assessment for provenance
rust,preset,dussack,2.3016180992126465,0.7730699777603149,0.8770000301301479,0.7369999848306179,0.10042066872119904,0.0305279903113842,0.6474999785423279,Named/default recipe; see historical assessment for provenance
rust,preset,estoc,1.5379036664962769,1.0403472185134888,1.3619999438524246,1.3020000010728836,0.16416358947753906,0.11715678870677948,1.149999976158142,Named/default recipe; see historical assessment for provenance
rust,preset,rondel-dagger,0.7800226211547852,0.2951943278312683,0.529000012204051,0.4450000021606684,0.04348145052790642,0.003419388784095645,0.3799999952316284,Named/default recipe; see historical assessment for provenance
rust,preset,reitschwert-1540,2.54321551322937,1.1367835998535156,1.0949999541044235,1.040000006556511,0.1156773790717125,0.06446250528097153,0.9375,Named/default recipe; see historical assessment for provenance
rust,preset,reiter-war-hammer,6.2542290687561035,0.8993810415267944,0.7309999838471413,0.49700002651661634,0.20353470742702484,0.04861526936292648,0.2760000228881836,Named/default recipe; see historical assessment for provenance
rust,preset,hand-axe,5.515039920806885,1.3538233041763306,0.7964001074433327,0.6427999911829829,0.18110133707523346,0.08759395033121109,0.35179999470710754,Named/default recipe; see historical assessment for provenance
rust,preset,flanged-mace,3.6995997428894043,0.8623827695846558,0.9639999270439148,0.5090000033378601,0.22384996712207794,0.06541851907968521,0.4490000009536743,Named/default recipe; see historical assessment for provenance
rust,preset,gothic-flanged-mace,4.005969524383545,1.006746768951416,1.3709999322891235,0.6180000305175781,0.2656705677509308,0.10973147302865982,0.5530000329017639,Named/default recipe; see historical assessment for provenance
rust,catalog,arming_sword,1.746264100074768,0.9112974405288696,1.1750000044703484,0.9660000056028366,0.1586916744709015,0.06712599098682404,0.875,Named/default recipe; see historical assessment for provenance
rust,catalog,baselard,1.5539878606796265,0.584714412689209,0.5910000056028366,0.5760000199079514,0.04379028081893921,0.011867864988744259,0.48500001430511475,Named/default recipe; see historical assessment for provenance
rust,catalog,bauernwehr,1.5216257572174072,0.8945081830024719,0.7329999916255474,0.6279999725520611,0.04801410064101219,0.018348580226302147,0.5349999666213989,Named/default recipe; see historical assessment for provenance
rust,catalog,club,1.7222282886505127,0.9557389616966248,0.7599999904632568,0.7599999904632568,0.1523144543170929,0.07043144851922989,0.44999998807907104,Named/default recipe; see historical assessment for provenance
rust,catalog,falchion,2.4933338165283203,1.0825341939926147,0.9070000015199184,0.8720000348985195,0.17608891427516937,0.08155430108308792,0.7800000309944153,Named/default recipe; see historical assessment for provenance
rust,catalog,flanged_mace,3.6995997428894043,0.8623827695846558,0.9639999270439148,0.5090000033378601,0.22384996712207794,0.06541851907968521,0.4490000009536743,Named/default recipe; see historical assessment for provenance
rust,catalog,halberd,9.609455108642578,3.3705737590789795,2.2300000563263893,2.186000066809356,0.6435047388076782,2.4228274822235107,1.2699999809265137,Named/default recipe; see historical assessment for provenance
rust,catalog,hand_axe,5.515039920806885,1.3538233041763306,0.7964001074433327,0.6427999911829829,0.18110133707523346,0.08759395033121109,0.35179999470710754,Named/default recipe; see historical assessment for provenance
rust,catalog,hunting_spear,4.3589606285095215,2.4701147079467773,2.07000020891428,2.0310000954195857,0.3882012367248535,1.3202458620071411,1.165000081062317,Named/default recipe; see historical assessment for provenance
rust,catalog,katzbalger,1.3584988117218018,1.1325976848602295,0.8700000494718552,0.8130000047385693,0.15667657554149628,0.07065965235233307,0.7319999933242798,Named/default recipe; see historical assessment for provenance
rust,catalog,knife,0.8521152138710022,0.2421584129333496,0.3709999769926071,0.35599999129772186,-0.0025482645723968744,0.001666122698225081,0.26499998569488525,Named/default recipe; see historical assessment for provenance
rust,catalog,kriegsmesser,3.3935680389404297,1.8560357093811035,1.30299998447299,1.3679999224841595,0.272737592458725,0.33433279395103455,1.1899999380111694,Named/default recipe; see historical assessment for provenance
rust,catalog,longsword,2.2064216136932373,1.1611735820770264,1.3749999329447746,1.2249999567866325,0.15304403007030487,0.11996466666460037,1.059999942779541,Named/default recipe; see historical assessment for provenance
rust,catalog,messer,1.9737857580184937,1.066892385482788,0.9730000607669353,0.8780000321567059,0.10440905392169952,0.051588088274002075,0.7800000309944153,Named/default recipe; see historical assessment for provenance
rust,catalog,military_pike,4.180713653564453,3.5328731536865234,3.674999989569187,4.990999179892242,0.4672996997833252,9.454647064208984,2.6349992752075195,Named/default recipe; see historical assessment for provenance
rust,catalog,misericorde,1.1376993656158447,0.3884700834751129,0.6560000032186508,0.5060000270605087,0.018679453060030937,0.004901680164039135,0.4150000214576721,Named/default recipe; see historical assessment for provenance
rust,catalog,rapier,2.54321551322937,1.1367835998535156,1.0949999541044235,1.040000006556511,0.1156773790717125,0.06446250528097153,0.9375,Named/default recipe; see historical assessment for provenance
rust,catalog,rondel_dagger,0.7800226211547852,0.2951943278312683,0.529000012204051,0.4450000021606684,0.04348145052790642,0.003419388784095645,0.3799999952316284,Named/default recipe; see historical assessment for provenance
rust,catalog,spear,4.907624244689941,2.0639946460723877,2.1100001707673073,2.071000057272613,0.4494067430496216,1.2112746238708496,1.2050000429153442,Named/default recipe; see historical assessment for provenance
rust,catalog,utility_knife,0.6529868841171265,0.18900862336158752,0.29599998891353607,0.271000012755394,-0.015046718530356884,0.0008395462646149099,0.18500001728534698,Named/default recipe; see historical assessment for provenance
rust,catalog,walking_staff,1.6344796419143677,1.6344795227050781,1.850000023841858,1.850000023841858,0.006776275113224983,0.46634185314178467,0.925000011920929,Named/default recipe; see historical assessment for provenance
rust,catalog,war_hammer,6.2542290687561035,0.8993810415267944,0.7309999838471413,0.49700002651661634,0.20353470742702484,0.04861526936292648,0.2760000228881836,Named/default recipe; see historical assessment for provenance
rust,catalog,zweihander,3.765427589416504,2.6616034507751465,1.759999930858612,1.759999930858612,0.29376089572906494,0.7107492685317993,1.4874999523162842,Named/default recipe; see historical assessment for provenance
browser,browser,german-self-bow-1544,0.8015450121807952,0.8015450121807952,1.9286459506039373,1.9286459506039373,-0.005881054517550934,0.14858180873678584,0.964254779336411,Named/default recipe; see historical assessment for provenance
browser,browser,composite-recurve-bow-1544,0.8348717642842368,0.8348717642842368,1.4415477359073923,1.4415477359073923,-0.004765033835391193,0.10483673622199323,0.7206812177002118,Named/default recipe; see historical assessment for provenance
browser,browser,flight-arrow-1544,0.04629972424481027,0.04629972424481027,0.8280000000000001,0.8280000000000001,0.4310654387438752,0.012006296833608423,0.81,Named/default recipe; see historical assessment for provenance
browser,browser,arrow-quiver-1544,0.5647532564386616,0.5647532564386616,0.606,0.606,0.3398248619436413,0.08434994373293761,0.606,Named/default recipe; see historical assessment for provenance
browser,browser,german-cranequin-crossbow-1544,2.885418322519561,2.885418322519561,0.737,0.737,0.45214787572181997,0.7017960996826976,0.737,Named/default recipe; see historical assessment for provenance
browser,browser,central-composite-arbalest,2.114891547104687,2.114891547104687,0.885,0.885,0.4616826323337436,0.5700436798644212,0.885,Named/default recipe; see historical assessment for provenance
browser,browser,light-target-crossbow-comparative,1.6968668067095363,1.6968668067095363,0.655,0.655,0.3939204302476154,0.3144965869870048,0.655,Named/default recipe; see historical assessment for provenance
browser,browser,crossbow-bolt-1544,0.06132119909221259,0.06132119909221259,0.47624999999999995,0.47624999999999995,0.25439826879305144,0.005511992360671152,0.475,Named/default recipe; see historical assessment for provenance
browser,browser,bolt-quiver-1544,0.4803141366122444,0.4803141366122444,0.449,0.449,0.20620812823703946,0.03164002070150149,0.449,Named/default recipe; see historical assessment for provenance
browser,browser,peter-peck-double-wheellock-pistol-1545,2.450825308662025,2.450825308662025,0.492,0.492,0.26063149493172544,0.20324919558068327,0.492,Named/default recipe; see historical assessment for provenance
browser,browser,german-matchlock-arquebus-16c,6.329457621262603,6.329457621262603,1.603,1.603,0.7948237067526125,5.345461091817419,1.603,Named/default recipe; see historical assessment for provenance
browser,browser,single-wheellock-pistol-study,1.668689286625744,1.668689286625744,0.47,0.47,0.22510390818269152,0.10532460419166427,0.47,Named/default recipe; see historical assessment for provenance
browser,browser,lead-round-ball,0.008656442942127364,0.008656442942127364,0.0114,0.0114,0.01139999999999994,1.2364113570008554e-06,0.0171,Named/default recipe; see historical assessment for provenance
browser,browser,small-arms-ball-pouch,0.24665160450731824,0.24665160450731824,0.17596453899019132,0.17596453899019132,0.07097669674323275,0.002077778220366256,0.17596453899019132,Named/default recipe; see historical assessment for provenance
browser,browser,halberd-1540,4.574995052877886,3.3836925869842296,2.16,2.126,1.160675710123174,5.527072817390848,1.761,Named/default recipe; see historical assessment for provenance
browser,browser,lucerne-hammer,6.163775957183958,3.2589183362427177,2.075,2.041,1.1097630041263327,4.8737788239193245,1.692,Named/default recipe; see historical assessment for provenance
browser,browser,pollaxe,5.963685007920842,3.5032911143343415,1.755,1.7209999999999999,0.973293427255401,3.898676804214306,1.424,Named/default recipe; see historical assessment for provenance
browser,browser,kriegsspiess,3.2913417512370144,3.5078414752547635,3.6350000000000002,4.9510000000000005,2.306708455722244,27.028563401465664,4.5,Named/default recipe; see historical assessment for provenance
browser,browser,short-spear,2.7606516193240944,1.858880882067596,2.065,2.0309999999999997,0.8657168872888439,2.05584983767696,1.6859999999999997,Named/default recipe; see historical assessment for provenance
browser,browser,partisan,9.110939872903197,3.2822425895509437,2.2350000000000003,2.201,1.1649701786015556,5.5636568813535785,1.844,Named/default recipe; see historical assessment for provenance
browser,browser,glaive,9.349237757234162,3.380616274729841,2.295,2.2609999999999997,1.1480069532599222,5.530474120722842,1.9159999999999997,Named/default recipe; see historical assessment for provenance
browser,browser,hooked-bill,9.295467496560134,3.4863108578331596,2.245,2.211,1.2301002023744647,6.419394915843228,1.8439999999999999,Named/default recipe; see historical assessment for provenance
browser,browser,military-fork,8.299913521201994,3.171421373618907,2.285,2.251,1.1705601575281235,5.513435553423129,1.878,Named/default recipe; see historical assessment for provenance
browser,browser,landsknecht-longsword,1.7177632314158382,1.3613801083390582,1.38,1.23,0.10270650327382047,0.10316734660254465,1.005,Named/default recipe; see historical assessment for provenance
browser,browser,zweihander,4.249873969148618,3.441948505542225,1.76,1.76,0.07378198531614172,0.4800188917966312,1.335,Named/default recipe; see historical assessment for provenance
browser,browser,katzbalger,1.2683231423197059,1.1715360398744568,0.835,0.811,0.1510814334114069,0.07122812996922609,0.7300000000000001,Named/default recipe; see historical assessment for provenance
browser,browser,grosse-messer,4.783494228758249,1.3788203566809885,1.115,1.095,0.09615852876220343,0.07676425328757411,0.8899999999999999,Named/default recipe; see historical assessment for provenance
browser,browser,dussack,3.3803502357613806,0.7190710736289836,0.877,0.7769999999999999,0.09760512530734919,0.03272681366836606,0.6399999999999999,Named/default recipe; see historical assessment for provenance
browser,browser,estoc,2.0436298458313766,1.376654472815527,1.3900000000000001,1.31,0.08712416281797186,0.10640769855507454,1.1,Named/default recipe; see historical assessment for provenance
browser,browser,rondel-dagger,0.8447414219838278,0.39015703903349114,0.525,0.45,0.026536877013935367,0.003820917899691913,0.374,Named/default recipe; see historical assessment for provenance
browser,browser,reitschwert-1540,2.207592890248919,1.2239654714904182,1.11,1.04,0.12349072694776915,0.06985459820332614,0.93,Named/default recipe; see historical assessment for provenance
browser,browser,reiter-war-hammer,2.5677495053825,1.3921300385667514,0.653,0.49500000000000005,0.1929386920942618,0.07484980075651808,0.31400000000000006,Named/default recipe; see historical assessment for provenance
browser,browser,hand-axe,2.5120085554377933,1.4915972589058824,0.7914000000000001,0.6477999999999999,0.30752286089130826,0.18429045523819895,0.46679999999999994,Named/default recipe; see historical assessment for provenance
browser,browser,flanged-mace,3.5839669065096387,1.336325245471955,0.716,0.5960000000000001,0.11893546327591353,0.07190046496415478,0.4160000000000001,Named/default recipe; see historical assessment for provenance
browser,browser,gothic-flanged-mace,3.837367935795857,1.484666462489202,1.033,0.693,0.1462168818330119,0.11021638568839809,0.5129999999999999,Named/default recipe; see historical assessment for provenance
browser,browser,buckler,2.0304253742197904,2.0304253742197904,0.36594034586665863,0.36594034586665863,-7.022288817689315e-18,0.028483913676500876,0.18297017293332932,Named/default recipe; see historical assessment for provenance
browser,browser,targe,2.5963903346463253,2.5963903346463253,0.5157552713720969,0.5157552713720969,-1.1692256139032877e-18,0.07367307294767027,0.25787763568604843,Named/default recipe; see historical assessment for provenance
browser,browser,round-shield,4.834567805629122,4.834567805629122,0.6379383594426712,0.6379383594426712,-2.117018298170564e-17,0.2023570330562838,0.3189691797213356,Named/default recipe; see historical assessment for provenance
browser,browser,heater-shield,2.9844170081422847,2.9844170081422847,0.661375,0.661375,-0.03253854851495695,0.12809813286157776,0.254375,Named/default recipe; see historical assessment for provenance
browser,browser,pavise,4.6177673168042865,4.6177673168042865,1.0664347826086957,1.0664347826086957,0.03245681503188495,0.48801230662952455,0.5840000000000001,Named/default recipe; see historical assessment for provenance
browser,browser,kite-shield,5.246587824325927,5.246587824325927,1.0736774193548388,1.0736774193548388,0.013657082596723422,0.4033228809455296,0.44567741935483873,Named/default recipe; see historical assessment for provenance
browser,browser,roman-tower-shield,10.677900595426694,10.677900595426694,1.0658283443873573,1.0658283443873573,-6.035861892181749e-17,1.18938931555257,0.5329141721936786,Named/default recipe; see historical assessment for provenance
browser,assembly,wooden-polearm--flanged-mace,,3.0823325015886742,,1.9909999999999999,1.1340933497649692,5.0191954557209995,1.626,Construction study; not period certified
browser,assembly,wooden-polearm--halberd,,3.5249149043440715,,2.126,1.1412554117717335,5.6352740438438715,1.761,Construction study; not period certified
browser,assembly,wooden-polearm--spear,,1.9552631472153008,,2.131,0.9057539464376327,2.378257415927592,1.7659999999999998,Construction study; not period certified
browser,assembly,wooden-polearm--hammer,,2.959913233750723,,1.9122,1.1009918754386825,4.584178167358929,1.5472,Construction study; not period certified
browser,assembly,wooden-polearm--axe,,2.276162618956022,,1.8978,0.9776598237053598,3.017660970234995,1.5328,Construction study; not period certified
browser,assembly,wooden-polearm--beak,,2.202529533750731,,1.9122,0.9634411053954757,2.8764764281393056,1.5472,Construction study; not period certified
browser,assembly,wooden-polearm--fork,,2.977315584750724,,2.211,1.1446266175826008,5.014987861416432,1.8459999999999999,Construction study; not period certified
browser,assembly,wooden-polearm--bill,,3.3888657510274123,,2.201,1.204711847435676,6.128952604230709,1.836,Construction study; not period certified
browser,assembly,wooden-polearm--glaive,,3.2347249010776684,,2.361,1.200125611629493,5.893903827392716,1.9960000000000002,Construction study; not period certified
browser,assembly,wooden-polearm--partisan,,3.1475660521889877,,2.241,1.180566582058055,5.566042615272458,1.8760000000000001,Construction study; not period certified
browser,assembly,steel-one-hand--flanged-mace,,1.3731436750309178,,0.63,0.1577453354966803,0.08398787201659424,0.45,Construction study; not period certified
browser,assembly,steel-one-hand--halberd,,2.7211193391684034,,0.7686,0.20316571069712414,0.19282713539493782,0.585,Construction study; not period certified
browser,assembly,steel-one-hand--spear,,1.2122750816148815,,0.77,0.1325797902267402,0.06522808561685765,0.5900000000000001,Construction study; not period certified
browser,assembly,steel-one-hand--hammer,,2.1561176685750154,,0.5512,0.21023542796562295,0.15727385229716245,0.37120000000000003,Construction study; not period certified
browser,assembly,steel-one-hand--axe,,1.6851933022937862,,0.5368,0.16304563071570938,0.08979003788144789,0.35680000000000006,Construction study; not period certified
browser,assembly,steel-one-hand--beak,,1.3987339685750213,,0.5512,0.14809293471877194,0.07595969324875432,0.37120000000000003,Construction study; not period certified
browser,assembly,steel-one-hand--fork,,2.1735200195750233,,0.8500000000000001,0.267723046333428,0.2615279561588868,0.6700000000000002,Construction study; not period certified
browser,assembly,steel-one-hand--bill,,2.6002720607455405,,0.8400000000000001,0.2984340018452659,0.35874306748047485,0.6600000000000001,Construction study; not period certified
browser,assembly,steel-one-hand--glaive,,2.415727461008143,,1.0,0.31046007275057197,0.38024386677223265,0.8200000000000001,Construction study; not period certified
browser,assembly,steel-one-hand--partisan,,2.374174236800938,,0.88,0.2933728418669967,0.32555102372316574,0.7,Construction study; not period certified
